state,1975,1976,1977,1978,1979,1980,1981,1982,1983,1984,1985,1986,1987,1988,1989,1990,1991,1992,1993,1994,1995,1996,1997,1998,1999,2000,2001,2002,2003,2004,2005,2006,2007,2008,2009,2010,2011,2012,2013,2014,2015,2016,2017,2018,2019,2020,2021,2022
AK,,,5903.75,11716.46,17612.37,36786.88,15580.51,1048.06,7545.49,31442.739999999998,71563.75,111140.34,18617.21,3698.08,13472.16,69969.14,387179.99,508370.83,32763.760000000002,371270.55,272474.76,33106.520000000004,5153.4,6545.4,20043.29,9395.08,7040.56,254491.71,108068.5,517697.84,197782.15,398029.07,16757.03,645207.86,313432.69,13411.25,94048.98000000001,822325.44,2968448.02,346894.09,73232.37,40819.31,52460.03,0.0,164321.1,1107621.67,29535.95,93942.35
AL,0.0,,34784.86,256567.27,31760528.31,4422922.76,11248130.67,250377.1,2793377.76,120517.1,2777940.85,36409.08,75535.73,39793.72,293658.16000000003,7024966.08,752273.0,211119.72,111133.45,2892592.2800000003,14722595.540000001,1295137.24,8065790.75,69292521.12,5294223.58,1893498.06,546200.41,6386429.44,9275779.64,318920969.47,237638692.04,634180.21,998794.46,3959765.91,11119315.08,1060189.35,5752567.3,3203598.24,2443080.47,44492863.45,8210449.15,428460.20999999996,6981425.04,1299315.04,3247320.12,153439005.01,23178384.04,405466.57
AR,,,77.93,1394319.36,408041.18,319408.03,291490.19,1438287.38,572777.61,1191923.96,96677.25,342130.91,2175942.54,215421.01,616537.78,2588173.62,1218352.72,18366.73,286950.3,509372.11,136018.17,266794.21,1683069.3699999999,1151327.77,214833.62,315252.82,1411256.44,1671078.08,2371358.73,2018008.55,256605.26,1040441.54,465201.36,13347566.56,12642035.25,4198216.23,26614670.51,423703.65,3103224.96,2017908.24,9131053.27,5783675.53,22623329.88,2131066.76,29763181.71,2358115.9899999998,5618148.62,4168.56
AS,,,,,,3205.79,0.0,973.44,5913.2,8589.58,,7663.82,,,,,0.0,,,,,,,,,,,,,,,,,,,0.0,4283.72,,,,,,,20391.99,0.0,,,
AZ,,,50921.61,2557998.62,167954.22,1954059.98,125128.74,81736.65,4413731.37,274302.05,22031.41,214389.18,31908.75,248677.59,77391.56999999999,898039.39,11942.22,646975.36,3923639.62,148357.81,511215.35000000003,35724.29,236315.73,220507.05,152581.13,338949.08,80151.93,380549.14,432185.64,1688134.8,1008630.85,2068858.16,1777049.71,675704.82,601394.04,3070571.68,214480.84,363772.67000000004,978086.9,7239272.87,325391.49,1736555.99,1011869.92,1593297.54,4547871.14,239013.49,4733966.4,2068.31
CA,,0.0,236663.52,3125469.95,1562737.32,10066831.32,1261012.55,10966297.13,24558626.94,544996.83,152670.79,28199406.17,91909.49,3320218.32,113276.5,94839.01999999999,971041.16,3404047.12,5787984.92,1055021.01,97538064.78,6889331.87,35663644.97,52360899.06,970217.73,1213403.51,2301059.41,6853617.12,1674617.3900000001,5284445.3,78152787.76,13235376.2,262138.30999999997,3301675.83,1194327.71,10745366.79,2647276.86,2825268.27,1096188.2,12987047.33,1409402.24,5414700.19,34431889.89,20876123.48,37277624.69,1574859.6300000001,7122617.69,78977.48
CO,0.0,,12750.75,151917.81,275988.85,143309.69,107376.4,929264.94,469138.86,452149.49,168881.49,51115.91,53887.81,1357.7,52816.1,52421.299999999996,101035.6,13916.37,83342.75,78870.89,273854.02,106871.19,707028.96,364703.74,1760579.84,39178.38,119262.49,344033.99,45206.69,61489.0,60250.240000000005,91814.34,854091.16,86195.59,672159.32,188330.76,467879.58999999997,714046.53,64786413.29,334102.68,1737837.1,123570.15999999999,56446.77,524450.53,344670.45,155724.86,575891.06,
CT,,3743.0,32368.09,1007355.8,1476092.07,2859159.72,26377.36,5757730.28,570886.2,3472974.89,4152405.87,42171.4,595743.68,66691.83,829287.63,123741.49,1429894.85,35853816.07,364130.05,673741.94,796461.66,6183650.75,60114.44,392150.52,2901020.37,1413972.91,1370605.53,194203.88999999998,312796.18,289269.72,5804712.25,3315216.6,16565424.73,879469.32,694915.48,7462682.74,86853539.99,236781383.05,379801.97000000003,357123.54,41368.13,42774.94,277552.93,8991200.74,588161.23,335490.25,33111721.98,36466.8
DC,,,0.0,21269.2,64620.33,25977.96,756.66,,4669.95,7229.15,72850.71,0.0,0.0,,,,,,17662.09,,,482435.36,0.0,750.0,4788.31,0.0,1155.59,,223436.47999999998,0.0,1204.66,539045.48,,56792.45,8215.5,36711.48,1298691.02,95004.26999999999,25908.41,22760.34,9704.14,14793.329999999998,302574.94,201642.69,52055.72,833497.53,123072.76,
DE,,0.0,47428.48,93388.68,38431.67,169109.22999999998,14794.460000000001,11520.77,88065.52,172262.78,487295.58999999997,7308.42,0.0,17710.0,739793.09,668.21,120680.43,4942580.39,58583.18,752578.17,21338.35,412796.14,9791.61,5565541.47,4416843.48,289588.06,51615.770000000004,18472.59,10087503.96,3636024.17,39914.55,610823.9,84646.70999999999,1457781.97,859997.74,812627.4400000001,3746779.83,16671420.51,249561.88,496820.47000000003,146296.5,1304659.1,61810.58,378578.11,106373.7,1918317.53,7691960.08,6292.26
FL,20000.0,,41151.42,664313.77,12202392.26,572025.79,1505881.03,8115824.55,908069.93,3192339.73,59035499.27,1334715.78,950661.26,8396881.92,1480527.06,1235727.47,7626573.37,122670961.18,149187981.27,14785592.5,344946290.47,76548479.19,8838401.48,79140246.16,100576450.61,112700124.5,34189244.06,6190878.66,10542249.18,1015500226.14,527739244.06,8198496.83,5983052.6,50225751.49,60458433.92,3836534.6,22667270.87,63054931.6,29509474.73,99567320.64,23578322.82,242951154.24,892936439.34,206624766.83,32008443.96,384360611.67,19666784.83,27720.08
GA,,11003.5,12835.4,93098.26000000001,2392012.45,526400.77,64488.11,1267805.99,326025.72,208827.85,292370.96,216126.25,190311.41999999998,59108.06,460266.77,7339340.19,2115483.58,955958.95,214927.84,43134937.27,2318653.39,4937763.12,695991.88,13738239.76,12554263.81,923195.2,821638.34,1143203.5,3340380.96,24180778.94,11831966.74,815878.93,592806.97,495783.25,111883366.59,1734427.0,425182.75,2641026.32,5392756.28,1016004.29,10282583.73,19630182.72,60097079.49,4783688.16,3209138.54,27774268.66,9507406.78,120750.4
GU,,,,,11064.11,0.0,,0.0,,13300.0,2138.32,,,688.82,,0.0,25892.07,638.6,,,8758.42,0.0,133882.01,,2466.0,1775.61,,912357.19,,98118.91,,,,,71379.09,,20097.68,9011.57,52703.84,51233.880000000005,,,10750.34,189328.08000000002,,,,
HI,0.0,,1095.09,107285.9,162845.04,774066.36,67476.27,3561187.31,308208.48,86829.86,187905.2,1084055.24,761125.57,1447031.0,85627.12,75363.48,1438837.42,29515198.0,250828.79,422724.19,649937.46,650168.46,359948.56,87143.95999999999,66724.49,1587981.3,180001.64,552215.64,1382195.28,791392.8200000001,212236.62,3474889.53,1414496.99,4868024.25,229847.17,731110.8099999999,11612650.85,1471190.65,170288.93,1442972.64,796428.27,2523626.7,799530.84,27001341.49,438357.52,1321027.06,6288879.17,36087.31
IA,,,6654.87,125989.45000000001,338601.1,119116.17,23188.44,251067.53,125295.5,268526.87,51423.92,536716.59,116457.4,,4802.93,7177270.51,547755.25,24876.99,20756705.5,35664.42,3271.4,1416617.99,843034.12,1186224.73,6964598.23,169417.38,4785880.38,835803.77,11917.76,2141066.29,22402.14,10732.720000000001,3284796.08,136622321.34,1057495.15,13981883.38,10858724.17,30047.29,3322160.61,8547918.91,2627233.85,10469270.01,1398292.68,9907949.12,24917658.63,420678.29,373819.07999999996,
ID,,,0.0,8048.0,109694.57,78320.61,289.25,54196.28,71795.81,74048.88,20278.46,9452.0,0.0,,2519.6,39296.03,0.0,2711.61,500.0,,50081.58,1461959.96,1302080.07,28490.37,25985.78,1851.12,3430.32,111747.09,19487.449999999997,4607.52,82768.47,477735.79,0.0,140221.05000000002,113945.79,215374.1,235232.82,25524.19,28466.46,31609.989999999998,27102.52,17566.35,3401312.95,282073.07,404402.2,7616.84,2144.4300000000003,
IL,,2436.12,18502.5,698924.83,12255022.94,457657.52,2877907.99,10605264.02,4211682.09,665763.71,6417277.53,6117287.4799999995,11449884.84,210490.53,422388.97,2041608.01,339399.39,54403.91,54940190.77,2468673.52,3669707.25,20063019.98,6681419.36,670145.42,1309438.79,1445222.53,6292148.89,4581423.85,850068.85,1683220.5,994002.98,6074648.65,11844225.37,91938933.31,4814543.71,24924757.62,15193447.71,294796.04,85385456.47,4948943.61,10324490.82,1550893.36,17156168.03,13724995.63,25066495.99,15217117.41,1699301.92,19913.63
IN,,,1392.46,714449.64,739246.91,388688.35,1028663.99,3819507.71,486339.6,105342.73,1644868.31,84080.68,200505.14,6390.37,762425.76,8557066.73,774354.78,943459.95,2108604.19,473368.68,302589.74,2075615.15,9666460.58,1931520.39,1037742.5,270648.9,195752.25,993689.59,12609373.79,2142612.73,6514840.92,9167860.04,1587945.07,95145894.93,10223532.68,1031699.1,8837242.5,76183.17,17076012.93,1048447.0,7428121.14,1100690.0,3423034.18,19166922.15,3020776.68,1039941.0499999999,3972985.9,12007.130000000001
KS,,,119858.34000000001,52351.93,1584286.57,23190.78,2150484.65,751614.95,458510.3,595319.3,461734.73,1233221.85,453841.13,12864.43,432162.87,191934.5,35975.32,592603.63,8874866.43,719615.5700000001,1381874.86,542804.32,964041.3300000001,11707060.86,570028.53,10929.15,506062.96,35728.84,619822.49,1240061.88,2688269.42,1487.45,13947381.83,2286470.56,3652314.39,1161675.12,2257009.96,193910.82,1231037.31,210887.08,1288320.19,3347946.72,3835294.31,5050372.44,6934098.12,592643.74,856166.13,
KY,,,54006.35,5566381.6,1449630.86,227100.7,849342.34,226076.19,483748.11,18558788.25,114787.5,61768.88,57191.94,187129.22,8066468.79,1408422.46,1066957.42,555367.38,348703.63,1171739.92,447317.65,3328515.17,68822567.79,2826019.93,224998.11,1460440.37,867933.85,5108026.49,6480082.17,6547026.54,8307889.33,8930690.22,686119.2,2420464.7,13383801.06,30047860.21,16357780.37,838045.72,6229678.89,1982020.94,22324839.81,1580773.2,1693866.21,27301743.28,4326635.77,4393494.15,26049855.11,3013738.91
LA,,0.0,127212.6,33461944.47,14032769.17,74455541.15,2778548.1,23662085.14,89401914.3,6887155.84,65193094.01,1365176.65,4293329.63,12471934.4,54536417.24,21119883.45,56990626.88,23631282.23,20478310.73,6380114.31,451468084.9,4258225.61,17141846.82,54423771.51,10897484.6,1764499.1099999999,81258706.5,97061209.38,8950788.95,24375376.22,10799888577.42,19358476.3,4159668.92,333832478.14,32273169.96,2629835.53,37285256.41,396778530.75,16746526.34,14278499.93,12990861.22,2399026378.66,70611609.26,11956421.49,101881824.07,185339080.34,976760748.6,440174.01
MA,,,2963.7200000000003,16052650.78,3098961.5,122123.9,166536.8,1148246.5,367188.0,872647.09,510793.53,32197.239999999998,5951231.84,846069.91,96957.27,1167148.86,108602998.92,16114175.12,1735753.4,335982.66,576739.97,6895942.13,1063677.52,3585112.16,454035.83,204063.98,5278371.09,533603.26,2873064.21,1428394.6,12986663.959999999,32594852.330000002,10067051.52,1751756.28,783204.9199999999,29158500.79,6924732.77,3049185.31,17240192.86,1757652.76,9173117.2,681612.28,1168012.43,52163028.1,854906.72,1026385.91,5468020.17,131816.17
MD,17954.0,0.0,45148.240000000005,266875.31,4207880.11,110033.05,290690.86,30321.25,107423.56999999999,1080884.18,4133845.65,33351.69,33685.14,38719.04,732091.12,13654.67,238758.93,3756338.35,264983.76,449701.0,445953.28,9658744.79,28844.559999999998,2251694.76,3050960.46,139455.92,114084.86,162440.61,141249426.66,3008807.6,210499.19,5769780.45,36943.67,1073614.43,755375.4,1514402.3,8872442.62,20863817.74,705193.84,5742904.29,520563.47000000003,9756283.93,699961.41,12401301.18,2599018.69,6108273.36,12604573.37,58918.59
ME,,0.0,2395.95,2597843.84,231862.4,57487.68,56001.86,49100.5,273437.04,117912.07,19509.32,124781.37000000001,7219158.62,24870.5,79152.77,201123.19,4237779.39,59003.369999999995,207309.88999999998,960464.6,5842.1900000000005,1547337.49,325171.63,574892.45,19926.52,53495.33,99738.77,71796.54,281370.1,2598.5,470212.78,2319138.9,6230481.02,2038025.96,159616.52000000002,939904.0399999999,389706.5,474882.1,440896.73000000004,595919.62,88761.62,63174.64,408828.98,2676663.91,165444.34,61213.54,82523.94,31921.760000000002
MI,7709.68,0.0,55264.21,125897.86,376988.17,967679.17,1011891.21,1113567.98,629973.24,206699.87,5356261.06,6039052.05,428944.4,447211.71,501977.82,194796.42,497732.37,30300.0,315285.69,204338.07,56406.63,853090.77,1259695.99,2196199.12,85830.57,590277.9,1134665.62,102738.77,43142.72,4975513.18,464466.68,316218.9,360949.43,2538034.5,1896105.3,268586.33,1912403.04,880399.33,7819580.16,8962697.15,403240.08,678060.45,7587182.04,13576656.8,7334523.75,39208256.06,4261938.79,16100.34
MN,1730.81,11200.16,25154.81,5505450.2,3143817.69,132273.23,302743.63,53145.100000000006,912638.8,1134883.28,567229.17,1059817.72,1091406.96,0.0,473287.18,84341.81,113086.89,59766.99,1693776.29,49234.52,24430.1,1428173.23,53699934.92,1555722.49,1575828.24,1928326.38,7221312.53,3761403.41,369458.06,4593106.01,126973.09,794943.29,4415100.35,686529.58,6681906.16,8113169.51,2731520.82,2952416.35,529490.43,2653347.5,29699.769999999997,2173355.36,50926.14,615941.37,4676862.5,492073.16000000003,22169.07,27873.14
MO,,34800.0,220689.66,307883.91,12001769.92,114032.02,910327.69,23705535.31,10196651.0,3561069.45,4725882.82,13525164.33,99691.4,50865.57,199227.92,5778248.37,1044687.39,372634.63,151923957.95,17560518.82,12871062.27,2927578.41,953274.4299999999,6943377.0,2554338.77,3253327.91,3205034.55,4194053.06,1580661.7,2051169.04,773913.06,1242175.13,8798817.92,82103281.74,2996334.17,11707519.14,44248668.18,55120.340000000004,16059963.15,2824374.65,66304237.61,6268085.38,67896383.21,1928619.6199999999,68979018.53,9678536.33,5639628.64,28032.67
MP,,,,,2526.45,2040.4,,,3230.0,0.0,,,,,,,,,,,,,,,,,,,,,,,,,,,,,,,,,,,,,,
MS,,,3069.0299999999997,213790.22,21491859.35,4757152.23,330300.38,2271335.93,36796114.22,2498857.68,2490128.95,170827.45,3715938.05,405714.93,816178.53,6527974.32,9219218.03,370786.69,4298327.27,3754439.73,12505872.88,1183940.25,9480424.92,39647824.03,1956133.11,616779.81,8472679.99,14209866.47,16570844.89,2404396.46,1931989666.43,1288305.05,590231.76,25193962.1,11002863.5,4806018.78,44253961.82,35546377.14,8536063.85,4880599.49,2273858.4,18442537.72,16218243.62,9890808.98,18995556.45,32465241.16,22997708.33,243667.86
MT,11500.0,,,467557.26,519399.96,28967.73,252283.54,33981.43,2682.82,0.0,27420.92,147303.22,,,50008.329999999994,67650.0,62185.88,12971.76,6870.95,0.0,38649.88,554418.96,2110097.82,32047.46,20058.57,0.0,3485.59,4443.68,54253.26,1195.72,19457.550000000003,16596.27,79540.6,123410.22,14037.61,17574.83,4045101.12,50220.13,126209.98,434790.18,23373.12,70137.93000000001,20460.69,1077458.51,185525.68,86324.16,1947.06,0.0
NC,0.0,,292706.76,258042.89,1091678.53,895633.16,506335.81,804738.25,855960.59,830103.1,1567769.55,873100.22,2224649.57,1385460.9,15799446.09,1165097.96,8828335.38,2304431.7,16780412.44,4320296.25,12883473.72,163068047.22,8676143.75,23337973.82,198506684.02,3523100.53,1045822.69,1460907.94,89993987.38,30616863.95,18233052.97,18904429.27,1005802.7,15540664.99,7677631.0200000005,15052348.24,142847120.84,11976266.55,9080287.98,5862662.89,8425516.7,187834613.52,2429125.45,561707847.29,63291666.51,34469492.32,20332054.13,840931.8300000001
ND,10000.0,2682.01,6928.9,1108836.06,5235105.28,34066.020000000004,14912.47,74925.89,63610.86,5518.3,1886.63,13117.11,142444.06,0.0,787817.5700000001,0.0,113685.48,1865.2,293753.4,6565.58,923301.05,7718822.95,87236983.45,4941973.44,3169307.38,2037174.81,2874207.64,529776.73,115130.0,1391149.48,218355.73,810723.54,35053.43,14849.789999999999,19677049.14,4451526.89,88451053.02,1159372.82,1115356.79,994426.46,12659.08,54833.28,18609.9,1612.08,528903.63,238422.46,9793.93,
NE,,,44729.979999999996,943527.98,192423.0,94487.93,12419.130000000001,470240.28,132184.79,3808308.88,170097.63,80542.47,58911.770000000004,2661.0,76567.59,392884.44,122271.29,57426.340000000004,4610650.15,38818.32,67732.08,631469.76,1106115.4,215377.93,484680.89,15689.54,107033.78,18164.63,166952.02,261477.73,215111.64,26907.629999999997,623222.84,1436134.07,22859.39,5449263.67,6709079.02,0.0,123439.15,177335.8,3189607.82,295850.76,411152.37,577701.15,48439239.14,245889.1,304057.13,
NH,,,0.0,759377.95,121507.2,10027.3,84707.84,21486.29,53636.840000000004,201429.82,0.0,87153.18,957792.78,7925.54,1491.72,18347.76,1622569.17,61789.82,17896.5,12615.61,124618.04,2169799.34,138213.44,677449.44,32930.42,104235.59000000001,148782.8,50789.97,125292.86,196815.86,3592837.3,11451162.81,8962286.33,753384.34,40626.34,2074109.3599999999,3305844.71,1414361.17,359524.33,219756.62,56049.31,76178.31000000001,995981.23,2299361.03,63428.64,0.0,780373.93,209742.16
NJ,4384.18,27.5,1768360.55,1479738.54,2331323.14,5161483.1,458180.76,379550.04,1615016.49,37600116.37,11739156.35,351459.70999999996,2718001.2600000002,238059.3,3660107.5100000002,393487.09,8676395.73,165836918.89,2634784.72,10300199.26,1302079.6,20694892.65,4501248.68,17230379.22,110206443.09,3083745.69,1364138.8900000001,697590.59,2289425.12,17333728.95,49700609.7,22316232.11,125662284.5,3728014.36,11651613.63,81467430.13,544165010.16,3680586332.05,2321552.81,5741440.62,1395542.46,23549699.45,1830835.83,16171418.59,7264671.44,3203957.65,399267077.74,250049.9
NM,,,0.0,25866.51,96454.73,45645.19,29483.39,10331.95,22412.39,58516.81,12978.13,10382.44,6619.0599999999995,78071.96,7154.03,26340.72,12233.27,535766.49,2732.99,39458.66,63852.85,52475.11,35035.729999999996,9593.83,263805.66,122029.81999999999,44054.68,134484.91,56370.83,214437.45,377298.91,5167322.85,94581.0,1974174.64,42945.01,587998.22,24008.28,84441.99,1695924.05,819673.2999999999,398107.11,234808.42,349186.29,577063.79,166573.86000000002,47913.9,1009025.9099999999,
NV,,,5332.73,8582.38,15105.97,31989.300000000003,1026.7,22730.010000000002,231404.48,434887.56,16437.960000000003,426960.86,4026.42,0.0,2853.72,287155.41000000003,14811.96,58120.85999999999,5401.219999999999,0.0,110194.83,230428.26,13677240.88,504450.44,1452616.47,36792.35,26334.23,0.0,833237.63,4578.04,7192587.83,543711.98,33919.55,29649.739999999998,0.0,30206.480000000003,13748.689999999999,1182405.21,132388.35,1142859.72,264752.11,197190.29,3154406.6,2000.0,73120.99,0.0,751429.42,0.0
NY,3174.2799999999997,79430.23000000001,2613356.18,5279296.62,10971321.03,6171257.38,2616762.65,1743198.74,2571462.83,5894270.63,11203721.27,1865404.46,3063883.95,311156.27,834264.64,1222206.47,31051273.4,92492826.11,21940876.75,4611947.6,4456950.92,29181202.96,654305.89,6156260.27,10446519.29,2410284.16,888459.81,1026302.66,2567605.19,10665762.95,51838109.15,76381708.91,52623103.42,3463912.31,6091706.51,20489332.69,456384785.97,3710844689.11,12343250.91,14246195.98,2075200.51,984594.98,11462603.2,12007769.37,15432659.89,4009785.56,175684317.07,1132606.04
OH,,,153679.13999999998,1461778.09,2817919.78,1683941.9,2385728.66,3719924.11,227902.25,385645.71,3055839.37,311141.88,1324336.79,207772.38,1412602.98,2554154.88,295168.97000000003,1007369.52,761642.58,4178589.9,1471065.0,3013982.88,21179680.24,11140969.67,322674.16,1563905.93,2696948.9899999998,1029564.77,7993625.44,28916515.05,9523645.49,16601034.68,41381598.6,8320537.3,1779605.04,1519187.52,23777997.83,2297299.59,11500650.37,11332029.81,6895535.48,572143.16,4916707.69,9251461.76,7939387.78,15552894.9,4528803.0,924483.74
OK,,0.0,186.0,198547.53,732381.96,247008.2,320147.89,637938.84,896623.17,22086127.6,1276278.92,11542933.37,2006487.41,290122.29,985985.95,1121112.1,147358.83,663379.49,7011208.12,3267112.79,5250282.38,687593.88,653914.92,1898057.21,1759342.93,6382961.19,328909.85,535239.0,80496.41,1807918.1300000001,93607.28,1086295.54,26373553.2,5636592.7,2240144.15,4715371.23,2755329.16,513458.16000000003,8066827.21,1133927.34,23035453.13,7874905.63,2211619.18,1000904.03,41347977.25,1775613.46,3501217.27,
OR,,,204977.13,55496.130000000005,109289.39,396044.74,212030.64,204005.23,318135.01,589176.82,98491.33,57210.12,58480.4,4510.11,1790.3,242464.59,70594.79,10346.16,21977.43,81889.45,372508.62,28967291.2,2557252.7,2805784.52,4374713.13,154893.03,13761.069999999998,522006.84,267227.87,30041.21,2061842.17,3991494.61,14386869.4,196723.53,2075469.31,328861.42000000004,910081.91,5649074.97,14172.449999999999,394935.44,5564773.64,148930.7,276346.28,669375.51,978786.45,1669537.16,917981.97,0.0
PA,35300.600000000006,7317.31,1061197.25,2786357.05,6083808.93,1201790.93,1649909.75,2707458.91,2639552.16,6221487.79,4833861.7299999995,1974292.98,1666526.94,435516.82,1767063.45,1328116.81,671945.84,684055.32,5043010.9,4270048.14,657638.68,103776785.77,2267059.56,540980.68,44153532.51,4489040.69,18276776.08,669940.36,7807143.9799999995,165099330.63,50688672.75,102141640.73,3757676.49,1414931.7,10778429.12,15760941.14,292026631.39,2761779.73,9970586.62,12296641.39,2015279.57,3943968.69,7399780.44,42017593.15,17696823.37,55694726.06,122713977.39,426062.31
PR,10521.0,0.0,9544.15,55560.57,1029518.24,104600.29,837393.01,134844.89,104904.79,58572.79,1757005.5,718911.6,1427405.78,218455.6,610400.06,16262.21,74613.81999999999,1288834.42,151729.19,6385.99,163918.38999999998,9818146.22,143184.58,11776499.0,767954.1900000001,274527.99,1294425.47,127129.75,1075000.66,2995908.45,700054.68,95459.07,260129.27,2218077.94,2702861.83,607248.34,2451281.43,741036.74,1504346.77,47099.24,0.0,141826.82,21144703.25,31661.93,551289.16,1354188.6,119496.25,233702.25
RI,,,1823.37,411878.76,373151.33999999997,77936.12,14441.779999999999,706385.17,303043.02,119296.11,222350.63,65773.24,22566.08,5004.0,150.0,6889.08,5635229.87,658873.02,480236.64999999997,201892.74,7131.0,109989.98999999999,122726.94,924752.37,295057.11,94720.70999999999,606444.74,34675.58,16753.340000000004,19368.879999999997,8006623.28,1076218.99,1756171.53,622143.0599999999,181612.64,35285339.41,2044344.46,34241781.9,459604.67,129619.51,34354.93,4660.51,31218.57,516510.39,10754.789999999999,198752.98,1994472.47,3979.24
SC,0.0,,4421.17,11275.59,1308434.81,37732.84,77135.51,146708.8,366872.83,166684.47,173471.49,869083.48,4841936.43,289594.94,315342198.87,511670.22000000003,253843.83,390033.14,1066344.1,4835428.2,1771273.31,2643924.83,984708.59,2557855.84,17179777.51,1059006.05,1534471.75,954997.51,952533.44,3631606.33,2001885.34,354026.83999999997,299731.1,3819109.02,982980.72,1057051.04,1226784.38,1505979.7,2961158.29,1403731.05,129825470.82,147776257.43,53043326.25,94101978.95,2273423.87,17665373.78,5191858.36,37805.31
SD,,,850.0,169202.86,33705.03,14598.6,0.0,66605.77,31470.23,329540.57,445.4,292512.56,36688.0,25.0,500.0,0.0,3248.71,9387.43,737127.1900000001,151843.88,211257.94999999998,229468.77,7116325.77,311569.95,1366799.45,50000.0,742958.54,55716.91,6424.2,214422.97,4204.24,1041.15,2587556.1,444171.85,153343.78,3519764.86,13034234.22,447896.52,212612.02,1565138.16,1669346.54,185709.29,0.0,121270.76999999999,15576390.55,218205.8,0.0,
TN,,0.0,73750.02,267293.98,1509036.8,370665.13,132864.71,792903.84,294575.49,1802638.44,36521.13,223745.72000000003,677687.92,75002.51,705048.68,2255340.73,449748.9,110892.68000000001,268738.44,3154459.63,1058689.21,1157762.55,2276326.29,4185992.95,725405.36,749586.03,1204427.8800000001,2252979.35,13108639.11,3829602.53,258003.25,570265.46,63541.53,511055.37,9454239.89,189972452.9,9832387.03,2165723.86,9821751.4,4574551.82,1348349.85,2877802.84,7986668.2,2150190.34,19204777.36,10127885.28,79172070.0,305498.2
TX,4000.0,57831.06,65967.24,1976625.5,158882254.4,24489482.97,39323313.01,9757153.88,104698547.81,16167115.77,7146724.39,4736522.21,7442263.94,3096328.11,109098590.79,17199041.97,24423138.54,42810096.82,7305615.71,167005711.22,11364991.3,7904794.15,29821671.38,198144134.07,6811515.86,11133793.85,743733978.03,154269843.41,40848320.29,47590724.95,43838082.68,78914289.71,75607160.32,1763464267.89,144451606.84,57690539.56,1365298.08,29984307.75,53257042.5,12665687.56,472843089.45,574908738.35,7049150543.23,103341101.57,911622898.28,47982459.55,48848090.62,2437295.42
UN,,1113.0,132328.03,1983683.88,10490550.65,4131231.88,2824933.78,7115476.99,13726468.54,8576519.99,8696410.97,1460377.52,414454.76999999996,41331.35,177406.31,54958.37,119532.81999999999,157883.4,230532.12,10386.45,101851.72,5380.639999999999,46333.34,22637.42,1054.18,621.0,29303.4,11484.17,29460.9,44302.11,12907.89,7730.87,,,,83274.36,108283.03,,,,,,,,,,,
UT,0.0,,2811.52,28183.87,10648.54,7789.5,4087.41,251311.45,1680491.69,1346173.96,38040.840000000004,367326.88,32530.7,0.0,13545.880000000001,,4300.35,14999.15,423.67,,160775.23,8421.23,14293.57,3061.72,2494.33,123.94,5009.58,40300.92999999999,9396.67,11175.72,116896.3,74823.75,205110.31,30789.309999999998,35866.11,101171.61,182765.05,8048.58,79076.4,161276.69,41552.2,56269.61,78970.3,48056.84,60336.270000000004,14828.51,1063732.1500000001,0.0
VA,,0.0,551553.8,1998619.97,1235418.02,286860.82,157831.80000000002,856366.69,130213.83,1057003.28,23765559.51,96323.37,2432111.94,710501.35,1611825.13,499793.13,524643.75,6489364.57,543088.4,1298751.28,3413825.38,24441780.17,363438.79,8080692.35,15925863.78,958871.29,1698446.09,2122317.04,193714319.43,14609053.38,875822.32,36002332.58,215174.96,2174021.01,93196953.48,2237421.73,38508504.08,21861356.11,3163675.96,6476649.63,4446167.1,67313080.56,1540731.14,15513647.22,10452280.53,14476708.22,2432897.27,526860.39
VI,,,14153.95,2750.85,364815.15,15964.23,94061.8,25716.050000000003,253481.1,169103.97999999998,16830.52,3096.6,11704.32,15586.96,4010951.21,11822.619999999999,0.0,5690.65,0.0,0.0,7145580.97,1112374.96,0.0,1128096.9000000001,2479432.85,13731.88,82986.07,0.0,1101518.34,385429.8,297376.19,304598.03,185967.88999999998,2376640.28,87207.7,1988051.25,163960.06,20603.69,213451.83999999997,86463.58,0.0,0.0,16055500.69,8867.48,182393.84,,,
VT,,295.27,1050.0,14741.72,42970.71,15143.83,120711.51,71180.26,85834.23000000001,179251.91999999998,64.63,17655.93,87620.25,0.0,23513.19,5694.48,5603.79,1386356.1,123214.82,55048.880000000005,490706.43,200537.39,325934.58,851931.01,8229.14,471019.6,5454.73,680038.11,18353.68,5406.67,53808.97,166229.78,246339.96,624183.6799999999,169826.79,122474.15,48762340.01,44750.47,294379.96,117791.38,309249.7,17380.67,156899.52000000002,607320.13,1615283.19,4441.89,359221.58,0.0
WA,2500.0,,618250.24,69808.64,548596.34,4581180.5,262668.95,444546.83999999997,609763.24,260008.09,9155.82,2568675.79,261636.69,11772.400000000001,443179.96,18022932.8,754451.84,60043.69,191572.8,576803.8,9024575.23,30975229.43,3767206.74,1109235.06,1704769.47,230848.4,801427.99,148920.99,5537311.14,590062.4,269843.49,27822652.61,41605877.12,936253.64,39413598.38,2054180.31,1197126.19,3024009.57,335218.6,3044035.13,10771524.16,2144809.82,1077211.4,1047089.2,1664921.03,11343168.14,26877830.52,6767713.07
WI,,35000.0,0.0,154459.72,723406.14,98108.85,34718.27,77807.46,71513.26,40591.33,193073.6,931644.52,7614.660000000001,9814.54,128073.71,677133.51,4548.18,101998.71,1794339.3800000001,102353.41,369029.92,259748.83,6465797.03,5467432.87,159608.97,402377.96,2149012.9,534211.14,739082.3099999999,1374138.49,54847.16,53160.100000000006,3315451.33,30366753.75,408497.64,6424746.56,568773.1900000001,69577.89,1016214.0700000001,484886.23,188783.91,1716157.47,4581155.59,16043109.0,8848468.76,3230495.99,269902.36,88073.36
WV,,,194965.51,3156891.7,1064262.37,2267767.36,508253.3,211817.44999999998,30108.86,11704282.89,16027275.26,24026.02,100304.94,2309.3399999999997,896236.81,1007587.99,470575.99,124787.8,87535.12,4364942.61,1460775.57,43961608.93,6687414.33,5388103.57,138414.78,2631150.46,10879941.17,4095055.08,16690979.6,39522542.26,4198098.09,722014.08,3675921.56,1756979.38,6107796.58,9449713.39,843598.17,3240231.6,1873713.57,404268.56,3981710.52,40159622.2,2800960.46,4958473.46,366332.26,947184.7,6590223.81,52553.87
WY,,,524.11,81474.44,44380.86,2198.0,14668.48,44980.28,58092.04,65275.74,444883.83,12659.08,0.0,29018.0,4068.15,0.0,1309.71,0.0,15285.72,46095.7,12490.189999999999,31513.84,217759.42,0.0,123.12,569.76,0.0,4695.27,22546.17,0.0,14979.03,,30025.61,30385.13,43383.07,36321.42,187193.48,3227.84,16053.64,51540.73,439370.26,81948.18000000001,138984.33,16446.83,170740.5,,0.0,
